<?xml version="1.0" encoding="UTF-8"?><rss version="2.0"
	xmlns:content="http://purl.org/rss/1.0/modules/content/"
	xmlns:dc="http://purl.org/dc/elements/1.1/"
	xmlns:atom="http://www.w3.org/2005/Atom"
	xmlns:sy="http://purl.org/rss/1.0/modules/syndication/"
	
	>
<channel>
	<title>
	Comments on: Golden Lamps	</title>
	<atom:link href="/product/golden-lamps/feed/" rel="self" type="application/rss+xml" />
	<link>/product/golden-lamps/</link>
	<description></description>
	<lastBuildDate>Wed, 19 Jun 2024 12:28:36 +0000</lastBuildDate>
	<sy:updatePeriod>
	hourly	</sy:updatePeriod>
	<sy:updateFrequency>
	1	</sy:updateFrequency>
	<generator>https://wordpress.org/?v=6.5.4</generator>
</channel>
</rss>
